precision_5,precision_10,precision_20,recall_5,recall_10,recall_20
0.01923937360178973,0.01749440715883671,0.015704697986577185,0.002052801352214541,0.003601206366768265,0.006664794461352709
0.03149888143176743,0.032170022371364695,0.029306487695749332,0.003875770502911295,0.007904062977675532,0.014218478658954384
0.05046979865771839,0.04657718120805352,0.04272930648769552,0.007071701576905014,0.01297320182144361,0.02189975585991533
0.056017897091722925,0.0545413870246083,0.05138702460850086,0.00834008459081492,0.015896652838604034,0.028474175007561685
0.06720357941834453,0.06353467561521221,0.05709172259507795,0.010332317232950715,0.01888771221194465,0.033515832046997165
0.08134228187919437,0.07458612975391457,0.06485458612975391,0.012982893499894562,0.022690641702335722,0.03967924664349414
0.09029082774049185,0.08612975391498832,0.07431767337807627,0.01481372236894907,0.026870483173856166,0.046258242818236754
0.09771812080536871,0.09302013422818732,0.08190156599552599,0.016280664382073186,0.03033710184478278,0.05200907154648737
0.10568232662192356,0.09838926174496578,0.08637583892617466,0.018012412949130415,0.03384390923812583,0.056171650748466355
0.11069351230425005,0.10322147651006645,0.09051454138702479,0.0193724999186743,0.03642594419471329,0.060593302936507484
0.11597315436241544,0.10782997762863468,0.09364653243847892,0.021099216677902592,0.03891350194211625,0.06357420667552481
0.12026845637583809,0.11221476510067033,0.09689038031319931,0.021833731521686186,0.04082275308086901,0.06691121538339928
0.12420581655480896,0.11753914988814258,0.10087248322147678,0.023395687806631843,0.042614233247506295,0.07123106222575093
0.1319015659955248,0.12366890380313167,0.10460850111856848,0.024904062158319955,0.04522974103492878,0.07443264312483458
0.13628635346756054,0.12765100671140928,0.10807606263982138,0.026161174807187465,0.04741597740494264,0.07708835474828628
0.1411185682326611,0.13194630872483196,0.11143176733780795,0.027441522422393387,0.04969699357336236,0.0802158599151382
0.14568232662192293,0.13543624161073795,0.11465324384787505,0.029023209212910232,0.05078329763480551,0.08346352446685573
0.14729306487695648,0.13910514541387003,0.11724832214765132,0.029380783942663264,0.052964705735974726,0.0858737010774988
0.15105145413870133,0.14237136465324365,0.11986577181208094,0.030498549573678663,0.05476058995986146,0.08877794932683901
0.15480984340044635,0.1446532438478747,0.12203579418344565,0.03224721816568091,0.05602882003620514,0.09080700162960151
0.15955257270693396,0.14809843400447434,0.12425055928411678,0.033189290817127445,0.05799626830024445,0.09297840899108312
0.16420581655480868,0.15038031319910533,0.1255928411633114,0.035186745180170224,0.05932968942825658,0.09377673248030013
0.1654586129753903,0.15234899328859083,0.12731543624161118,0.03588076643061664,0.06017354536033958,0.09562756932916903
0.16653243847874608,0.15378076062639842,0.1289709172259514,0.03612504647615853,0.061779188905342265,0.0972757930867913
0.16859060402684445,0.15597315436241618,0.1305592841163317,0.03678841408811945,0.06277437433403521,0.09951834320388607
0.16957494407158716,0.15753914988814333,0.1317449664429536,0.0372440996299881,0.0637312880900766,0.10106553624215497
0.17181208053691147,0.1593736017897094,0.13266219239373672,0.037804160691031694,0.0654630451241665,0.10216570698603056
0.17395973154362285,0.16085011185682338,0.13409395973154434,0.03873622005481639,0.06609510305533953,0.10340984397443358
0.17503355704697857,0.16241610738255058,0.13485458612975473,0.03940246072934673,0.06745279526182875,0.1047295185895282
0.1761073825503342,0.16353467561521276,0.13583892617449744,0.03969072495864499,0.0680651262116847,0.1060524738597022
0.17897091722594932,0.1655480984340048,0.1371588366890389,0.040888478282618615,0.0685951277927008,0.10739267454149314
0.1804921700223699,0.16527964205816575,0.13787472035794263,0.04201927268753234,0.06922289733146744,0.10809365987334854
0.18192393736017742,0.1666666666666669,0.1394407158836697,0.042951806601815135,0.07017998206589525,0.10959989400766167
0.1836241610738239,0.16733780760626416,0.13979865771812153,0.04307521878636695,0.07036746295484783,0.11011362649703697
0.18434004474272775,0.16769574944071605,0.14071588366890453,0.04348012988315085,0.07110250052433852,0.11073681030681819
0.18639821029082623,0.16876957494407163,0.14145413870246154,0.04391014987221462,0.07163709099359193,0.11226514592542872
0.18693512304250406,0.16944071588366896,0.14203579418344592,0.04428866129198185,0.07160327746769216,0.11303002085070414
0.18747203579418195,0.17029082774049228,0.14250559284116407,0.044042083975631516,0.07186928097097521,0.11386030693066053
0.1880984340044727,0.171275167785235,0.14348993288590683,0.04415811552772823,0.0722616657728149,0.11499935903966356
0.18836689038031162,0.17163310961968692,0.1438478747203587,0.04433550895181802,0.07304031541109944,0.11571918869034287
0.1882774049216987,0.17234899328859074,0.14449664429530285,0.044361674865419365,0.0733878632238656,0.11660368152994774
0.18953020134228027,0.17297539149888164,0.14503355704698073,0.04485853249871014,0.07439949634448498,0.1176235310837603
0.19078299776286198,0.1741387024608504,0.1454809843400457,0.04490941634948999,0.0748744253788405,0.11821157259901098
0.19239373601789544,0.17427293064876975,0.14615212527964305,0.044638785662902185,0.07526618715735349,0.11892120525436092
0.19239373601789558,0.17476510067114118,0.14673378076062737,0.045222010369933154,0.07550581624079664,0.1191002702568699
0.19284116331096035,0.17557046979865792,0.14744966442953114,0.04547110789697457,0.07607312419967727,0.12003982929969334
0.19328859060402526,0.17637583892617473,0.14762863534675713,0.045568978314386416,0.0764147925151058,0.12039767790499295
0.19364653243847715,0.17659955257270724,0.1482326621923947,0.0453536792789306,0.07685362698415056,0.12088383920690736
0.19463087248321997,0.17753914988814354,0.14838926174496736,0.045665966617231483,0.0776085627896696,0.12132524001271874
0.19445190156599396,0.1772706935123046,0.14921700223713744,0.0456206398483049,0.07757335254982511,0.12196910312503886
0.19525727069351076,0.17852348993288625,0.1492617449664439,0.046264332131971724,0.0784115669302539,0.12371014541109933
0.19615212527964043,0.17914988814317703,0.1496420581655491,0.046162575610934994,0.07861908581782216,0.12444895445548639
0.19561521252796263,0.17937360178970946,0.14995525727069445,0.0458129046714445,0.07902949750873282,0.12490875267403424
0.1957046979865756,0.18004474272930684,0.15035794183445278,0.045838148466987465,0.07920319366693765,0.12550639643933534
0.19597315436241453,0.18058165548098476,0.1509172259507839,0.04601451597019836,0.07919991362093275,0.12591359350693096
0.19704697986577027,0.18080536912751707,0.1507606263982111,0.04641033858948551,0.07984760960850922,0.12642713444852696
0.19677852348993127,0.18129753914988833,0.15096196868009026,0.04661165419346643,0.0798756484773424,0.12657245427814626
0.19767337807606106,0.18165548098434023,0.15136465324384865,0.04705031262112021,0.07964481334331214,0.1270014727838877
0.19883668903802976,0.18129753914988844,0.1515212527964214,0.047396850375664094,0.07937929193394141,0.12711705322060762
0.19955257270693355,0.1820134228187922,0.1516778523489941,0.04767873309368614,0.07935403101989791,0.12726588974730868
0.1999105145413855,0.18268456375838948,0.15246085011185762,0.04790415546380855,0.07979053344484542,0.12817932214575273
0.1997315436241595,0.18268456375838948,0.152125279642059,0.047916455444853595,0.08026289323504755,0.12812331802905352
0.2012527964205802,0.18353467561521278,0.15255033557047057,0.04831598189222689,0.08042383307705243,0.1285046237360864
0.20143176733780616,0.18313199105145436,0.15279642058165616,0.04864533816689162,0.08032952488426853,0.12845043965023642
0.20214765100671,0.18366890380313222,0.15293064876957566,0.0485994278921417,0.08083773740552393,0.12815566414753551
0.20348993288590456,0.18389261744966467,0.15319910514541454,0.049840705797119786,0.08206900540072562,0.1288859845499316
0.20304250559283976,0.18469798657718148,0.15337807606264053,0.04932698614489181,0.08243208292456781,0.1288222098539247
0.20411633109619545,0.184563758389262,0.1534004474272938,0.04956198431962069,0.08247704110634742,0.12951010262797188
0.20384787472035645,0.18469798657718145,0.1539149888143184,0.04949845107214582,0.08226684667927364,0.13016562386099093
0.20402684563758247,0.18514541387024633,0.15427293064877035,0.04949569108727881,0.08302093125273477,0.13095496783629962
0.20438478747203442,0.1852348993288594,0.1543847874720366,0.04975478981156655,0.08317700124272016,0.13149776470583446
0.20465324384787334,0.18550335570469825,0.15487695749440789,0.049650778810531586,0.0837418262091289,0.13199189381992119
0.2051901565995512,0.18599552572706962,0.15454138702460932,0.05015656019265248,0.08452553063408971,0.13203342652665234
0.20572706935122897,0.18635346756152152,0.15510067114094045,0.05043191509354327,0.0848330617820071,0.13289978731828
0.20626398210290683,0.18666666666666687,0.1551901565995535,0.05088489459075745,0.0849148578453832,0.13285495301696354
0.2060850111856809,0.1872930648769577,0.15527964205816633,0.05082788663899142,0.0852311460704551,0.13281055169872108
0.2064429530201327,0.18751677852349002,0.1554138702460858,0.05138607771654617,0.08561419730606715,0.13358760097588862
0.20715883668903648,0.1874272930648773,0.15543624161073913,0.05137131267221618,0.0858094411159035,0.1342424387995317
0.20715883668903645,0.1880984340044745,0.1562639821029091,0.051795574081444654,0.0859555571816546,0.1344278634461824
0.2068903803131975,0.18845637583892638,0.1558836689038039,0.05196177648509319,0.08613873862994803,0.1339028880628317
0.20823266219239214,0.18903803131991073,0.15610738255033635,0.05241959055844392,0.08654867146933118,0.1343069457050124
0.20769574944071417,0.1892170022371367,0.15644295302013506,0.052497504709962874,0.08701847663704608,0.13517647756735612
0.2085906040268441,0.1895749440715886,0.15664429530201432,0.05280770818069232,0.08650050093547766,0.13585220364519668
0.20832214765100512,0.19011185682326653,0.1566219239373611,0.05249882324104569,0.08746587858467425,0.13592278167331975
0.20832214765100518,0.19046979865771846,0.15684563758389344,0.052790513672026494,0.0876771937131273,0.13654000528600307
0.20868008948545713,0.1910961968680092,0.15675615212528046,0.053056807136168914,0.08827869275662434,0.13628358625068915
0.2092170022371349,0.19127516778523523,0.15749440715883753,0.05282646308148722,0.08823759134526404,0.13723221146138748
0.20876957494407,0.1914093959731546,0.1576733780760635,0.05311654447181527,0.08833006165917688,0.13790106377132855
0.20903803131990892,0.19221476510067143,0.15787472035794264,0.052706707577374105,0.08875472804387143,0.1383500827226331
0.20885906040268307,0.19114093959731576,0.15805369127516858,0.052429490625473064,0.08883678927211622,0.13819746296859528
0.2086800894854571,0.19154362416107415,0.1580536912751686,0.0526637938600648,0.08840761607512934,0.13892055368460185
0.20859060402684412,0.1915883668903807,0.15821029082774143,0.052575600146866144,0.08847124857732655,0.1386028707790822
0.2084116331096181,0.19234899328859104,0.15809843400447518,0.05234180973642247,0.08962679147711014,0.13794023430541025
0.20885906040268296,0.19270693512304293,0.15841163310962053,0.052531978008243725,0.08940063663614031,0.13809131623279755
0.20939597315436087,0.19284116331096235,0.15888143176733868,0.05252615370879695,0.0896086885238691,0.1396288103274209
0.21038031319910358,0.19248322147651045,0.15914988814317768,0.05333629921645046,0.09008118907522282,0.1393744924012501
0.20984340044742572,0.19230425055928452,0.1590380313199114,0.05331993645691398,0.09005560823582327,0.13937507160316015
0.21064876957494238,0.1924832214765105,0.15917225950783082,0.05419323085338371,0.090821962121277,0.1405683954022683
0.21064876957494247,0.19302013422818834,0.1591275167785244,0.05364762242896741,0.09107835726255749,0.14011450839695785
0.21118568232662033,0.19284116331096246,0.15888143176733874,0.05384079835370255,0.09066099112374244,0.13955324170872016
0.2117225950782982,0.19266219239373647,0.15894854586129836,0.05386138169206078,0.09081910834112268,0.14006886653078518
0.2118120805369111,0.19328859060402726,0.1593512304250568,0.05406221546825742,0.09093489770521476,0.14063610074583047
0.21225950782997607,0.19346756152125322,0.15932885906040362,0.054194775795113184,0.09137019177385712,0.14094092172572661
0.21172259507829813,0.19306487695749483,0.1595302013422827,0.053704059654885575,0.09080360704196225,0.14158174158031897
0.212438478747202,0.19364653243847915,0.15977628635346838,0.05389880557520596,0.09120564132704734,0.14243463622336852
0.21360178970917054,0.19346756152125336,0.15997762863534778,0.05474720389023717,0.09130403120526207,0.14246437062936151
0.21440715883668737,0.1935570469798662,0.15932885906040362,0.055005439728949085,0.09168045077292189,0.14154765100965352
0.21422818791946144,0.19355704697986623,0.15984340044742817,0.05438514315643398,0.0914680916930178,0.14204873847333163
0.21440715883668737,0.19413870246085052,0.1601342281879203,0.05445198475601591,0.09177822642577865,0.1425989171406934
0.2140492170022355,0.1944519015659959,0.16026845637583978,0.054928541994238224,0.0924377288927638,0.14293326844371232
0.2142281879194615,0.19436241610738303,0.16013422818792036,0.05546641951884049,0.09281866329382644,0.1429458478539831
0.2148545861297522,0.19458612975391545,0.1605369127516788,0.05605881137568497,0.09303791163017762,0.14302897938895043
0.21494407158836512,0.19404921700223757,0.16017897091722696,0.05562905276529932,0.09268914859387675,0.14300896086413442
0.21485458612975214,0.1944071588366895,0.16015659955257366,0.055967112693505496,0.09294616688724135,0.14353765940508337
0.21494407158836512,0.1944071588366894,0.1606935123042516,0.0562835573503732,0.09278415207590528,0.14344920550229148
0.21503355704697813,0.19467561521252838,0.16062639821029187,0.056218539982900356,0.09296731498019105,0.14402304741731345
0.21530201342281707,0.1951230425055933,0.16089485458613081,0.05594490016043257,0.09306895548917943,0.14421625815402384
0.21494407158836507,0.19489932885906083,0.16109619686801008,0.0563694148447488,0.09352300318739565,0.14452180379216098
0.21539149888143,0.19534675615212582,0.1608948545861309,0.05626402360669655,0.09358157703654647,0.1446747831609705
0.21557046979865593,0.19498881431767393,0.16082774049217113,0.05634921182420096,0.09300645503863234,0.14471126284791042
0.21530201342281705,0.1951230425055933,0.16098434004474382,0.055917980963932454,0.09310766456925684,0.14477469650673802
0.21521252796420404,0.19516778523489983,0.16120805369127622,0.05601743787931975,0.0932769771089808,0.14523099161677697
0.21628635346755978,0.19565995525727117,0.1614988814317685,0.05620808748521713,0.09429741208153933,0.1458425349482706
0.21727069351230258,0.19597315436241655,0.1617002237136477,0.05670109527499808,0.09435534661303914,0.14546201510210383
0.21646532438478575,0.19615212527964254,0.16174496644295427,0.05623830404099633,0.09452611085660748,0.14581164100677618
0.21610738255033382,0.19615212527964251,0.16156599552572826,0.056410582675303925,0.09459052276045482,0.14610425600058097
0.21592841163310791,0.1961521252796425,0.162192393736019,0.05619903904694864,0.09376386192948849,0.14690190275752874
0.21664429530201162,0.19642058165548143,0.16210290827740614,0.05652581068980427,0.09384785199422944,0.14714512062584692
0.2169127516778505,0.19628635346756199,0.16183445190156717,0.05619940147775907,0.09432131612363104,0.1469017634702069
0.2163758389261727,0.1963310961968685,0.16243847874720468,0.056289368376617785,0.0939180501245201,0.14749003257038049
0.2162863534675597,0.19637583892617488,0.1625279642058176,0.056188611466684885,0.09467819092361968,0.14791552387118848
0.21664429530201162,0.1968680089485462,0.16250559284116434,0.05646061606678188,0.09453485974374932,0.14845864530048852
0.21655480984339867,0.19668903803132026,0.16248322147651123,0.056341209472252664,0.09448586304919775,0.14871602438777354
0.21691275167785048,0.19659955257270723,0.16275167785235017,0.05675436255731306,0.09466667481735258,0.14856701350851287
0.2165548098433986,0.19686800894854628,0.1626845637583903,0.05656761936541152,0.0949004240013375,0.1484307220916852
0.21664429530201162,0.19691275167785272,0.1625950782997774,0.05630276986655625,0.09477562042870075,0.14882195302399562
0.21771812080536732,0.19713646532438509,0.16250559284116434,0.05676599277076079,0.09500232656340411,0.14869723860073789
0.21762863534675436,0.19673378076062678,0.1629082774049228,0.05671254077241498,0.09472792346693115,0.14899567518551024
0.21798657718120623,0.19695749440715918,0.1629753914988825,0.05700202938597662,0.09527547460693668,0.14898597315810477
0.2178076062639803,0.1967785234899333,0.16299776286353573,0.05691715959930914,0.0953906117459928,0.1488438185521918
0.21780760626398027,0.19709172259507865,0.16290827740492286,0.05687714275376312,0.09549888135235064,0.14948065199647362
0.21771812080536734,0.19713646532438522,0.16357941834452014,0.05694357780574077,0.09566080871780483,0.14984339511179293
0.21906040268456195,0.19700223713646572,0.16288590604026945,0.057487170311102995,0.09610065059913282,0.1493654792318154
0.21843400447427114,0.19758389261745005,0.16335570469798766,0.057022730179511046,0.095964201534965,0.1498241925852862
0.21771812080536732,0.1971364653243852,0.16333333333333444,0.05689229622629329,0.09629659947660647,0.15031929568577498
0.21861297539149707,0.19722595078299815,0.1635346756152135,0.057542247655903205,0.09648006976647476,0.1504028836545786
0.2181655480984322,0.19700223713646567,0.16346756152125377,0.05753377278113425,0.09633998886240559,0.15043636043742303
0.21834451901565816,0.19753914988814353,0.16355704697986678,0.05722378653923632,0.09683883479205302,0.15047547600037262
0.21888143176733602,0.19731543624161116,0.16355704697986687,0.05762101472435048,0.09670208976967942,0.15058801536549984
0.21879194630872312,0.19758389261745007,0.16355704697986687,0.05770646508945445,0.09659207652994756,0.15097989031519574
0.21941834451901396,0.19767337807606317,0.16353467561521362,0.05776068424187488,0.09617566319681299,0.15106095581379647
0.21932885906040103,0.19771812080536955,0.16326621923937462,0.05779951617728485,0.0964592961134707,0.151093127817731
0.2185234899328842,0.19727069351230475,0.16351230425056035,0.057477159175552094,0.09644741130897025,0.15183194229189384
0.2188814317673361,0.1978523489932889,0.16371364653243972,0.05749345235411428,0.09704207962094487,0.15182305665360407
0.219060402684562,0.19758389261745005,0.1637136465324396,0.057632677981091486,0.09686211326362866,0.15222418291290038
0.21888143176733607,0.19762863534675648,0.1634899328859071,0.05756220748976707,0.09713144366333373,0.15239844483728207
0.21897091722594908,0.19771812080536955,0.1639149888143188,0.057464136429020346,0.09703215768418881,0.1518350624921208
0.21914988814317496,0.1980313199105149,0.1638926174496656,0.05791812415759361,0.09719936279565114,0.15235740621741242
0.21879194630872312,0.19847874720357978,0.16418344519015776,0.05766743620204703,0.0977783482943998,0.1528905009287997
0.21906040268456206,0.1986129753914992,0.16389261744966555,0.057936126358920606,0.09781082966860137,0.15320688606840355
0.2195078299776269,0.19879194630872518,0.1639149888143188,0.05849892421409297,0.09800980945465841,0.15310155462761393
0.2198657718120788,0.19914988814317713,0.1638926174496656,0.05854582714618473,0.09798129305487409,0.15252038887086702
0.21870246085011008,0.1987919463087252,0.16413870246085122,0.05807317224680988,0.0979990958140633,0.15392793110222636
0.21914988814317501,0.1987919463087252,0.16387024608501227,0.05874680708685466,0.09886123015754383,0.1532799973196342
0.219149888143175,0.19879194630872526,0.1641387024608512,0.05816890870160447,0.09856812493594315,0.15355667932154768
0.21950782997762694,0.19932885906040318,0.16447427293064998,0.05858648780548906,0.09945464159486833,0.1542535160861575
0.21959731543623998,0.19932885906040315,0.16425055928411747,0.058715896802650554,0.09915461320897653,0.15432205596845147
0.21959731543623995,0.19937360178970961,0.16418344519015765,0.05876866279618106,0.0994733987352247,0.15448284259423822
0.22004474272930488,0.1991946308724836,0.1640715883668914,0.05923975262144363,0.09912969348338449,0.15436817820629511
0.22022371364653084,0.19897091722595117,0.16442953020134332,0.05958092594319127,0.09892886974660858,0.154615792888643
0.22004474272930485,0.1993736017897096,0.1645190156599563,0.060033399376180935,0.10022363154523638,0.15485220481347742
0.2203131991051438,0.19901565995525766,0.16440715883669016,0.05995997526003954,0.10012940529325216,0.1546509337683498
0.22085011185682163,0.1993288590604031,0.164765100671142,0.06056094826748925,0.10027353985116726,0.15508237134990413
0.22085011185682163,0.19946308724832262,0.16456375838926282,0.06034114164609216,0.10050477544745633,0.15505864220104235
0.22093959731543458,0.1996420581655486,0.16442953020134335,0.06060519227424927,0.10059534234837028,0.15500552456188618
0.2217449664429514,0.19991051454138745,0.1645637583892628,0.061070300159066095,0.10109069771773306,0.15536240349361138
0.22111856823266057,0.2002684563758394,0.16478747203579525,0.06026150503156329,0.10146385596206005,0.15549673657311597
0.22174496644295144,0.2002237136465329,0.1649217002237148,0.060937676903538365,0.10131148483231353,0.15559751763319557
0.22111856823266057,0.20031319910514586,0.16460850111856934,0.060258607136161914,0.10121731422559088,0.15570913516878157
0.2208501118568217,0.20008948545861346,0.16478747203579536,0.06072340227707244,0.10130334919775878,0.1556493568734788
0.22174496644295144,0.2003131991051458,0.16485458612975504,0.06069587213725357,0.10110187496656428,0.15604862181260892
0.22192393736017738,0.20004474272930692,0.16474272930648873,0.06112093528433139,0.10144848099181264,0.15544310666335828
0.22210290827740334,0.20004474272930692,0.16501118568232767,0.061093007078717065,0.10134652943992933,0.15577285909539118
0.2222818791946293,0.19986577181208104,0.1647427293064887,0.061247865817218375,0.10137455597923922,0.155625429448131
0.2218344519015644,0.20004474272930703,0.16485458612975493,0.061015154817390824,0.10161448652487479,0.1555663259949068
0.22237136465324225,0.19991051454138747,0.16465324384787575,0.06134214666746648,0.10114381348594698,0.15590126408749355
0.2221923937360163,0.19986577181208098,0.16469798657718226,0.06122831826556001,0.10125676618673471,0.15595445921935877
0.22246085011185524,0.1998210290827745,0.16472035794183548,0.06140506935826872,0.10163021125523172,0.1562237719565505
0.2229082774049201,0.20026845637583937,0.16492170022371472,0.06139041940071115,0.10208073259713568,0.15655194358168223
0.22317673378075897,0.20058165548098486,0.1647427293064887,0.061441311282302284,0.10214937124859383,0.1564073403006099
0.22272930648769404,0.20076062639821085,0.16510067114094065,0.06172809040879663,0.10264895804212351,0.156978544570935
0.22326621923937195,0.20017897091722656,0.16543624161073928,0.06169337489698105,0.10296803675051387,0.15747237836904043
0.22326621923937193,0.2006263982102914,0.16487695749440825,0.06182234083057383,0.10325623810810405,0.1570107972335196
0.2227293064876941,0.20040268456375893,0.16510067114094065,0.06167097706480126,0.10249470915781698,0.15768075165120748
0.22308724832214602,0.20067114093959776,0.16494407158836794,0.06175390174089076,0.1033340498324765,0.15767345682794323
0.22326621923937204,0.20062639821029127,0.16532438478747308,0.06189971032022764,0.10334592217779334,0.15810643158369855
0.22362416107382388,0.20147651006711456,0.16505592841163408,0.06249867816330407,0.1036218128326439,0.15736108190411408
0.22308724832214602,0.20107382550335628,0.1653020134228198,0.0623073078329441,0.10347909755238953,0.15798936114901913
0.22335570469798488,0.2008948545861303,0.1652796420581666,0.06233424314778903,0.10353693595673266,0.15781822291306835
0.2225503355704681,0.20120805369127573,0.16523489932886015,0.06206463640805103,0.10367177471377971,0.15800727324261787
0.22335570469798488,0.20116331096196924,0.16545861297539252,0.062106267584096486,0.10382837899166589,0.15817838744440446
0.22335570469798488,0.2016554809843406,0.16521252796420688,0.06195856135463775,0.10387599307469489,0.15795014064475324
0.22299776286353304,0.20138702460850164,0.16521252796420696,0.061806276314391805,0.10357985667582814,0.15773244853425716
0.22228187919462916,0.2016107382550341,0.16516778523490036,0.06193930834620977,0.10369746437067696,0.15802534475211408
0.2221923937360162,0.2008501118568238,0.16550335570469898,0.06181245173356781,0.10333492580585464,0.15825723304222078
0.22228187919462916,0.20093959731543673,0.16534675615212643,0.061990169504784115,0.10357239945343562,0.15845121536888657
0.22299776286353293,0.2005816554809849,0.16523489932886015,0.06248422678562549,0.10342662759209627,0.15850266938282798
0.22255033557046808,0.20098434004474328,0.16527964205816667,0.0624482913561119,0.1034684095829175,0.15830598119090483
0.2223713646532421,0.20111856823266272,0.1653243847874731,0.06207551164794061,0.10367031431057418,0.1582539042502019
0.222818791946307,0.2012975391498887,0.1655928411633121,0.06251263412636886,0.10357852707666346,0.15861244395520446
0.22299776286353293,0.20125279642058225,0.16550335570469912,0.06254811253595399,0.1041611332419085,0.15870813458648392
0.22335570469798482,0.20152125279642116,0.1654138702460861,0.06260520632409788,0.10405903519174997,0.15848678986676418
0.2234451901565978,0.20147651006711464,0.1656375838926186,0.06268379500472442,0.10406559324221072,0.15862094655480474
0.2235346756152107,0.2013422818791952,0.16530201342281997,0.06283664070428334,0.1044072564076386,0.15782614971535977
0.22335570469798474,0.2012975391498886,0.16532438478747316,0.06289044954873345,0.10418426405943342,0.15764741306741317
0.22308724832214585,0.2010290827740497,0.1651901565995536,0.06284715468846451,0.10383211701795694,0.15786984081999136
0.22371364653243664,0.20178970917226008,0.16530201342281994,0.06337827019290555,0.10409663327297329,0.1579897399817759
0.2242505592841145,0.2017897091722601,0.16554809843400559,0.06341662095512764,0.10431519864536332,0.15797786805052108
0.22460850111856637,0.20178970917226002,0.1653691275167795,0.06371839908902266,0.10468893807351713,0.15793719267206027
0.2246085011185664,0.20196868008948596,0.16563758389261854,0.06343365815616657,0.1045435060340735,0.15766836278829263
0.22460850111856642,0.20228187919463148,0.16570469798657825,0.06331059486971809,0.10506282163352056,0.1579190538723531
0.22416107382550157,0.20187919463087303,0.1657046979865783,0.06364780569296306,0.10470073835679178,0.15798152536361051
0.22398210290827567,0.20214765100671195,0.16552572706935237,0.06354903867669888,0.10484072003409484,0.15796590305797958
0.22496644295301832,0.20232662192393797,0.16592841163311076,0.06368429633928115,0.10493496739170426,0.1582416603305147
0.22505592841163127,0.20201342281879248,0.16565995525727178,0.06396167020324368,0.10450199061151544,0.1579849830331611
0.2254138702460832,0.20263982102908332,0.165503355704699,0.06413031764317138,0.10454453779073547,0.15817949725890643
0.2255928411633092,0.20268456375838986,0.16563758389261846,0.06444492481566767,0.10481784683572394,0.15819357864004024
0.22514541387024428,0.20281879194630928,0.16568232662192495,0.06424463178878329,0.10495572815354831,0.1581129882898547
0.22612975391498705,0.2027740492170029,0.1658836689038042,0.06484185710127645,0.10503805930360105,0.15757052017415282
0.22550335570469615,0.20263982102908337,0.1657718120805379,0.06470665433684927,0.10506590338943123,0.15745044057024193
0.225950782997761,0.20304250559284182,0.16570469798657828,0.06521801333454515,0.10548802076079547,0.1581433144238998
0.22559284116330913,0.20286353467561588,0.1660178970917236,0.06480117322400426,0.10489540668576725,0.15844861506171107
0.225771812080535,0.2031319910514549,0.16568232662192503,0.06463376661175298,0.10495921021369614,0.15812734870805806
0.225771812080535,0.20317673378076134,0.16579418344519128,0.06469422028850055,0.1051727004988783,0.15849846617102648
0.22550335570469604,0.20299776286353546,0.16565995525727178,0.06451555027043547,0.105245538471017,0.1586989360092754
0.22460850111856628,0.20290827740492237,0.16568232662192503,0.06425377299602579,0.1052785891872869,0.15822105583806537
0.22559284116330902,0.20322147651006775,0.16563758389261854,0.06459444069368697,0.10559398613601133,0.1581977409268884
0.22514541387024412,0.2034004474272937,0.16554809843400553,0.06450021683737164,0.10570830187352284,0.15833494347513796
0.22550335570469604,0.20340044742729377,0.16588366890380413,0.06462235372258471,0.10557626083808497,0.15832434937360204
0.22559284116330905,0.20335570469798728,0.16590604026845743,0.06466801946092086,0.10567086180942112,0.15866300303681494
0.22568232662192197,0.20299776286353527,0.16595078299776386,0.0647058893242672,0.1054695913812534,0.15857287447649693
0.22577181208053496,0.20362416107382614,0.1659731543624171,0.0649831854355385,0.10585722146767547,0.15910535765242234
0.22639821029082577,0.20326621923937427,0.16579418344519123,0.0653083753888237,0.10559110654248216,0.1590834195876602
0.22532438478747008,0.20344519015660023,0.16599552572707038,0.06479885333626272,0.1058993185566482,0.15935881040532218
0.2261297539149868,0.2036241610738261,0.16595078299776386,0.06506865854077457,0.10571940393108566,0.15913168454872142
0.22532438478747005,0.20353467561521313,0.16639821029082869,0.06506394400610682,0.10560566905522746,0.16010355640203644
0.2252348993288571,0.20384787472035845,0.1659731543624171,0.06473558510457667,0.10603614284358998,0.1598594481636004
0.22532438478747008,0.20389261744966497,0.1662416107382561,0.06471958048558628,0.10629247706225099,0.1602098926293366
0.2250559284116312,0.20416107382550383,0.16626398210290935,0.06470535189818455,0.10633569074933195,0.15950836519199565
0.2253243847874701,0.20402684563758441,0.16639821029082882,0.06483981595142747,0.1065459751988523,0.15968221958736756
0.22550335570469604,0.20393736017897143,0.1661744966442964,0.06484523889029765,0.10627099952464783,0.1597242422301003
0.22586129753914802,0.20398210290827792,0.1663534675615224,0.06493879129474724,0.10638366973892695,0.1595050758716087
0.22532438478747008,0.20384787472035854,0.16644295302013526,0.06519610331679924,0.10629550087179825,0.15948833449946448
0.2262192393735999,0.20411633109619745,0.16664429530201447,0.06543698983134925,0.10652684561603025,0.1595859252009168
0.22496644295301818,0.2042953020134233,0.16626398210290924,0.06475807455823969,0.1065554886226188,0.15935854206261338
0.22496644295301815,0.20380313199105193,0.1663758389261756,0.06455683116480483,0.10624368594154911,0.15934223760294328
0.2249664429530182,0.2039373601789715,0.16644295302013526,0.0646258401990657,0.10634392173559248,0.15966905728963318
0.2254138702460831,0.203713646532439,0.16666666666666777,0.06517329608858194,0.10624725675335903,0.15997255512524225
0.22514541387024414,0.20380313199105204,0.16648769574944175,0.06513971603079188,0.10641499922700316,0.15997516881886906
0.22523489932885712,0.2034451901566,0.1670246085011196,0.06527664794507618,0.10622023854910363,0.1603691179552467
0.225503355704696,0.20344519015660004,0.166689038031321,0.0652214311798526,0.10606835806780891,0.16034096705293344
0.22514541387024412,0.20299776286353519,0.16666666666666782,0.06528297448503818,0.10586361138923966,0.16017633668921197
0.22514541387024414,0.20317673378076107,0.1667114093959743,0.06537828595913647,0.10617117051318574,0.16007309092785368
0.22523489932885712,0.20380313199105188,0.16671140939597426,0.06550502257319457,0.10641046543292913,0.1599430922656869
0.22514541387024412,0.20353467561521293,0.1668680089485469,0.06539214925452816,0.10624916147348641,0.1599554714172195
0.22559284116330897,0.20380313199105196,0.16691275167785344,0.065989794520547,0.10643488963329888,0.16027013258957173
0.22550335570469604,0.20393736017897138,0.16682326621924037,0.06592942366948853,0.10649191191892585,0.15997229639308014
0.22478747203579222,0.20393736017897135,0.16664429530201447,0.06559030556109838,0.10653842503916137,0.1598660155666592
0.22514541387024412,0.2043400447427297,0.1663310961968691,0.06564797175639493,0.10682166995668595,0.15980952108206833
0.22559284116330894,0.2039373601789714,0.16651006711409502,0.06630012766020288,0.10670873466051495,0.1597938122287154
0.22451901565995327,0.2042058165548103,0.16655480984340157,0.0660337096111445,0.10667764036603095,0.15990222962438697
0.2251454138702441,0.20371364653243898,0.16659955257270806,0.06612609258798409,0.10621483610370541,0.16050749516085236
0.22550335570469604,0.20384787472035834,0.16668903803132099,0.06619316359004793,0.1061790916590924,0.1603591430973532
0.22514541387024414,0.20407158836689082,0.16668903803132104,0.06607452432739877,0.1063811041329444,0.16021361498999168
0.22595078299776092,0.20407158836689082,0.16664429530201455,0.06621529534668104,0.10641288475431214,0.16022694605786755
0.2248769574944052,0.20425055928411678,0.16680089485458727,0.06605823506592806,0.10658338621265745,0.1604102769160564
0.22496644295301815,0.2040268456375844,0.16677852348993397,0.06615384904430814,0.10636095450340026,0.16026186134233628
0.225771812080535,0.20416107382550386,0.16671140939597426,0.06622635772431071,0.10632727210268217,0.16013068462199467
0.22586129753914802,0.2043400447427297,0.16686800894854686,0.06629934508087736,0.10648903327803275,0.16048775294819567
0.2254138702460831,0.20438478747203634,0.16666666666666777,0.06625287233311175,0.10642430693865725,0.16015189097236063
0.22514541387024414,0.2042058165548103,0.16666666666666782,0.06624400618070779,0.10640539278348321,0.1600492456234198
0.22595078299776095,0.20380313199105182,0.16662192393736122,0.0669218808431034,0.10621237716890168,0.16008022553076037
0.2262192393735998,0.20366890380313243,0.16689038031320025,0.0669398511813739,0.10636770736749901,0.1603803642502034
0.22595078299776092,0.20407158836689093,0.1670246085011197,0.06691386301866575,0.10646063409138194,0.16062240566280742
0.22595078299776095,0.20389261744966491,0.167136465324386,0.06685979355705814,0.10638879778592268,0.16063562513390703
0.22595078299776092,0.20398210290827787,0.16682326621924054,0.06682253383216528,0.10637851335010237,0.16043557925609636
0.22639821029082582,0.20389261744966497,0.1669351230425068,0.06685692137835984,0.10632074373660519,0.16052009589245733
0.22604026845637396,0.20398210290827792,0.16697986577181326,0.066831661727484,0.10641330903459895,0.1603694466059463
0.22675615212527778,0.20402684563758433,0.16686800894854706,0.06699559891359483,0.10649353808135703,0.16073793294138777
0.22577181208053498,0.2034004474272935,0.16720357941834568,0.06679200050722006,0.10616076065987294,0.16070169789446082
0.22648769574943878,0.20362416107382592,0.16689038031320025,0.06691306050781572,0.10627776334552747,0.16060327697695959
0.22639821029082582,0.2038926174496649,0.16655480984340154,0.06691002229790514,0.10626827596278399,0.1602662260578057
0.22675615212527767,0.20398210290827776,0.16686800894854692,0.0670626232499718,0.10650027859481476,0.16041511651334575
0.22702460850111658,0.2038926174496648,0.16729306487695858,0.06708302310205692,0.10673858699561167,0.16128093193391652
0.2275615212527945,0.20434004474272968,0.16720357941834557,0.06745698841887303,0.10683978613451384,0.16077672555313172
0.2272930648769555,0.2045637583892621,0.16736017897091826,0.06741999996328592,0.10713088572236172,0.16103369241471185
0.22765100671140748,0.20456375838926213,0.16677852348993394,0.06741813997146458,0.10648110770581293,0.160539442797844
0.22666666666666468,0.20456375838926213,0.16702460850111966,0.06709986681744981,0.10652166560413083,0.16033988397154872
0.2274720357941815,0.20505592841163364,0.167046979865773,0.06737026250678718,0.10671792110129191,0.16089975970082807
0.22720357941834254,0.20492170022371406,0.16720357941834568,0.06729695574675083,0.10685647706114336,0.1605899721850988
0.2270246085011166,0.20469798657718163,0.16724832214765226,0.06721429541233086,0.10675508582788087,0.16077089037860598
0.22612975391498685,0.20501118568232707,0.16711409395973278,0.06695455142930365,0.1068736618441056,0.16124628902526594
0.2268456375838907,0.20487695749440762,0.16733780760626515,0.06716512710316554,0.10675254152401578,0.1615919590697883
0.22729306487695558,0.20492170022371411,0.16738255033557164,0.06723701880528034,0.10694374675004231,0.16150216889401872
0.22684563758389065,0.20425055928411676,0.16715883668903922,0.06718252417305215,0.10658921264827598,0.161139685985067
0.22720357941834252,0.20465324384787512,0.1670022371364665,0.06746482391718851,0.10702321083783932,0.16199191841287738
0.2272035794183426,0.20505592841163356,0.16740492170022486,0.06754332951994937,0.10734978116268058,0.16244962530171006
0.2278299776286334,0.20469798657718172,0.1674496644295313,0.06755201353497534,0.10743729496964798,0.16271902690226553
0.22774049217002038,0.2046979865771817,0.16724832214765217,0.06751215720335949,0.1078993578981184,0.16235034893898767
0.22720357941834257,0.2049664429530206,0.16733780760626515,0.06746023966816622,0.10805083540723538,0.16255273778192236
0.22720357941834257,0.2048322147651012,0.167315436241612,0.06765310169547505,0.10829297993530447,0.16258508811108613
0.2273825503355686,0.2045637583892623,0.16744966442953144,0.0676786041096766,0.10796095228370287,0.16266447545775103
0.2278299776286335,0.20460850111856868,0.16742729306487822,0.06791108604600762,0.10796063997118195,0.16288587515083897
0.22809843400447238,0.2051006711409401,0.1670693512304262,0.06798137625442086,0.10824983240255644,0.16182144194299736
0.22765100671140748,0.20501118568232707,0.1675391498881444,0.06784613497621234,0.10834367522046445,0.1624654123574385
0.22729306487695555,0.2051006711409401,0.1672706935123055,0.06771145612524078,0.10845204510025422,0.16218578146361315
0.2276510067114075,0.20519015659955298,0.16727069351230553,0.06796996412530229,0.10832395443281156,0.1620623100520673
0.22765100671140742,0.20523489932885947,0.16758389261745096,0.0680504829457732,0.1084828878368618,0.16291670744498535
0.22729306487695555,0.205458612975392,0.16762863534675743,0.06754553198402789,0.10893657601301666,0.1624265167991454
0.22800894854585935,0.20536912751677894,0.16742729306487814,0.06794050859686805,0.10860309272953007,0.16259155882217205
0.2272930648769555,0.205011185682327,0.16733780760626513,0.0674418277055493,0.108598762690553,0.16215917039796518
0.22729306487695558,0.20478747203579464,0.1674496644295314,0.06750596624717112,0.10828511688972138,0.16292111822608335
0.22756152125279447,0.20483221476510122,0.16776286353467687,0.06745379022647194,0.1084193532197491,0.1625350403492514
0.22791946308724637,0.20496644295302063,0.16771812080537035,0.06797737716098279,0.1083313260339803,0.16236664106819773
0.2276510067114075,0.20510067114094005,0.16769574944071713,0.0679835024540719,0.10843631707185628,0.16255192178166133
0.22809843400447233,0.20469798657718172,0.16753914988814447,0.06802460032099858,0.10826080638261083,0.16230978445161703
0.2281879194630853,0.20519015659955298,0.16765100671141073,0.06806255187934176,0.10858231508777666,0.16237655453523167
0.2281879194630853,0.205190156599553,0.16774049217002365,0.06843978990541082,0.1084246737967869,0.16259846020063037
0.22827740492169832,0.20527964205816587,0.16749440715883795,0.0681044792002865,0.1083508870979756,0.1627316572578112
0.2277404921700204,0.20519015659955292,0.16720357941834574,0.06821509179001481,0.1084293902281191,0.16228685638034848
0.22765100671140745,0.2053243847874724,0.16749440715883795,0.06832203443863906,0.10861269353972375,0.16280843911840212
0.22774049217002043,0.20510067114093997,0.16747203579418476,0.06834077219939144,0.10839437942445397,0.16271162565936845
0.22791946308724637,0.20541387024608534,0.16767337807606394,0.06789621102607207,0.10851935076874293,0.16295115512060682
0.22765100671140745,0.2054138702460853,0.16787472035794312,0.06832980324754918,0.10851861767308979,0.16328438250940477
0.2274720357941815,0.20572706935123083,0.16778523489933014,0.06774950588860934,0.10881410614364044,0.16252937335163606
0.2273825503355685,0.20541387024608543,0.16780760626398344,0.0681964068620347,0.10854388776585658,0.16276888127847589
0.22720357941834252,0.2051901565995529,0.1677628635346769,0.06833969577423836,0.10845536377504654,0.16296444384534844
0.2275615212527945,0.20536912751677885,0.16756152125279777,0.06799453233547428,0.10854478842294797,0.1631612531243255
0.22702460850111655,0.2055480984340049,0.1677181208053704,0.06779443183028241,0.10871817345172335,0.1633184162784052
0.2272930648769555,0.20554809843400487,0.16778523489933014,0.06797198011174106,0.10869305040376472,0.1631361021367946
0.22774049217002035,0.20510067114093994,0.16771812080537052,0.06846058705697727,0.10838465797734141,0.16338423196791887
0.2277404921700204,0.20536912751677897,0.16789709172259637,0.06837491723603874,0.10827001212991301,0.1635194741029153
0.22756152125279444,0.205190156599553,0.1677181208053704,0.06833224040574688,0.10841690320922487,0.1633493661219273
0.2275615212527945,0.20568232662192443,0.16760626398210418,0.06791887535883856,0.10857721851587966,0.1633765465385935
0.22747203579418146,0.20492170022371403,0.16780760626398336,0.06832590653822108,0.10828189274390992,0.16324585146420348
0.22747203579418154,0.20572706935123086,0.16782997762863666,0.06798320849428924,0.1089186894678802,0.16343515813330747
0.22791946308724634,0.2055480984340049,0.16780760626398336,0.06853705034281903,0.10901876669402195,0.1637366081331074
0.22774049217002032,0.20527964205816596,0.16791946308724962,0.06852996454745756,0.10844632072225391,0.16349304743952037
0.22791946308724634,0.20478747203579464,0.16791946308724967,0.06853971351336306,0.10874034986179336,0.16373417580841962
0.22747203579418152,0.205279642058166,0.16785234899328985,0.06826639776151058,0.10855897454113161,0.16405469172199105
0.22729306487695547,0.20523489932885955,0.1679642058165562,0.06825014786245819,0.10856871010149272,0.16403435805922084
0.2272930648769555,0.205190156599553,0.1676733780760639,0.06845787764794944,0.10862265721933492,0.1634940734112424
0.22800894854585932,0.20550335570469844,0.16794183445190286,0.06862756783294269,0.10883619088126648,0.1636086416227848
0.22747203579418143,0.2056375838926179,0.1681879194630886,0.06842317781226899,0.108866482228363,0.1634958039489414
0.22791946308724637,0.20527964205816593,0.16794183445190286,0.0685251764123587,0.10880349984268826,0.16367573603282912
0.22738255033556842,0.20527964205816587,0.1678299776286366,0.06837881445052574,0.1087133346733474,0.16348868662261143
0.22729306487695553,0.20559284116331128,0.1679194630872496,0.06837565786744092,0.10879670815725745,0.16362314615167647
0.22675615212527772,0.20510067114094002,0.16803131991051576,0.06829460858886456,0.10875454906281488,0.16357126305429892
0.2270246085011166,0.2054586129753919,0.16778523489933006,0.06840535979679754,0.10863774677650564,0.16336429397542857
0.22827740492169826,0.20532438478747245,0.16809843400447552,0.06853446869944133,0.10861810096632382,0.1639832847369154
0.22836689038031124,0.20510067114093997,0.1680089485458626,0.06847006441487495,0.10802068303619065,0.16429541457199093
0.22845637583892422,0.20559284116331145,0.16827740492170146,0.06851642101885927,0.10818180024325591,0.16478079236266815
0.2277404921700204,0.20563758389261796,0.16834451901566122,0.06821116951276421,0.10855391659125121,0.16467143093970554
0.22747203579418146,0.20568232662192437,0.16856823266219367,0.06813577557555699,0.10872114152031698,0.16489413878202713
0.22738255033556842,0.20541387024608546,0.16821029082774164,0.06826438925263124,0.10858079492277824,0.1649462468522577
0.22791946308724637,0.205369127516779,0.1685011185682339,0.06841870256175515,0.10849444590622753,0.16515075848447527
0.22809843400447236,0.20527964205816598,0.16825503355704813,0.0682589841130645,0.108493687609886,0.16509515910328745
0.22765100671140748,0.2051454138702466,0.16829977628635467,0.06838277552650796,0.10861467775677967,0.16538937293773495
0.22854586129753723,0.20510067114094008,0.16796420581655602,0.0685048110593716,0.10846233112276919,0.16512387214642776
0.22791946308724637,0.2053243847874726,0.16825503355704818,0.06830277471400956,0.10899318006504975,0.16552815316752834
0.22863534675615016,0.20554809843400496,0.16827740492170143,0.06852252708766389,0.108695540111064,0.16516727210042534
0.22827740492169823,0.205548098434005,0.1683445190156612,0.06836958826189345,0.10902046330882667,0.16540825297758693
0.22827740492169818,0.2055928411633115,0.1682997762863547,0.06853781193798518,0.1089784543264456,0.1654195301075289
0.22809843400447233,0.20572706935123103,0.1684787472035807,0.06847194171699426,0.10893844977448053,0.1653330850871305
0.22774049217002043,0.20554809843400498,0.16852348993288718,0.06838822206923097,0.10933505527350622,0.16559363162218813
0.2275615212527944,0.2058612975391504,0.1688143176733794,0.06829750336608396,0.10954349424459284,0.1656979671374454
0.2280089485458593,0.20608501118568276,0.16834451901566114,0.06841386408397714,0.10924850322620576,0.16534904671214284
0.2273825503355685,0.20626398210290878,0.16823266219239497,0.06826705654531044,0.10912868803326428,0.16535110987838564
0.22791946308724637,0.20577181208053735,0.16832214765100795,0.06832948064321719,0.10893754527111722,0.16538856949838202
0.2270246085011166,0.20568232662192443,0.16847874720358058,0.068215000788021,0.10917878509805909,0.16549116517094029
0.2275615212527945,0.20595078299776332,0.16807606263982228,0.06846320316366367,0.10906962097862538,0.1656429013497857
0.2272035794183426,0.2058165548098439,0.16850111856823385,0.06825475312835788,0.10907116140833463,0.16574360008107325
0.22774049217002043,0.20595078299776348,0.16832214765100786,0.06848265293957417,0.10925964764017808,0.16584416268720023
0.2282774049216982,0.20590604026845688,0.16794183445190275,0.06863721492993981,0.10929297762130304,0.16544435221108267
0.22756152125279444,0.20590604026845696,0.16807606263982222,0.06857465318784632,0.10911667696031223,0.16539456675004202
0.2278299776286334,0.20599552572706992,0.16809843400447544,0.06841433742753193,0.10890034158014424,0.16521584954424817
0.22720357941834263,0.20577181208053738,0.16832214765100795,0.06839882392416423,0.10899188835196796,0.1653401023056557
0.2273825503355686,0.20568232662192448,0.16865771812080652,0.06832916203773381,0.10904668592261395,0.16569569809715878
0.22809843400447236,0.20617449664429585,0.1682774049217013,0.06850093839618895,0.10929714627286793,0.16514866451181806
0.2289038031319891,0.2060850111856829,0.16818791946308834,0.06874362888959483,0.10905693575992197,0.1650355753348866
0.22765100671140745,0.20568232662192443,0.16798657718120916,0.06845574563797319,0.10899144060295934,0.16505784893687853
0.22782997762863347,0.20626398210290883,0.16821029082774172,0.06853230756809392,0.10912789496154293,0.1656455300123738
0.22827740492169835,0.20608501118568293,0.1683892617449676,0.06865846814967329,0.10918215245987621,0.16570499193811125
0.22854586129753726,0.20617449664429588,0.16809843400447536,0.06876160090460658,0.10931422055294432,0.16501457636660774
0.22836689038031127,0.2060402684563763,0.16823266219239486,0.06887113169121524,0.10926680728879234,0.16565790081496476
0.22917225950782802,0.20590604026845685,0.16829977628635456,0.06903969181093236,0.10919832887002741,0.16581708471027878
0.22917225950782802,0.2064876957494412,0.16807606263982217,0.0688587028064609,0.10959390364346429,0.16521331406140896
0.22863534675615016,0.20684563758389324,0.1680760626398221,0.06892499847796828,0.1097300655318849,0.16523842759921542
0.22827740492169826,0.2057718120805374,0.16825503355704807,0.06858825602136985,0.10892371758972595,0.16556184449856987
0.22917225950782802,0.20653243847874775,0.16816554809843512,0.06903886587396332,0.1096374568331702,0.1654498991540449
